table_name,column_name,data_type
allergies,START,VARCHAR
allergies,STOP,VARCHAR
allergies,PATIENT,VARCHAR
allergies,ENCOUNTER,VARCHAR
allergies,CODE,VARCHAR
allergies,SYSTEM,VARCHAR
allergies,DESCRIPTION,VARCHAR
allergies,TYPE,VARCHAR
allergies,CATEGORY,VARCHAR
allergies,REACTION1,VARCHAR
allergies,DESCRIPTION1,VARCHAR
allergies,SEVERITY1,VARCHAR
allergies,REACTION2,VARCHAR
allergies,DESCRIPTION2,VARCHAR
allergies,SEVERITY2,VARCHAR
careplans,Id,VARCHAR
careplans,START,VARCHAR
careplans,STOP,VARCHAR
careplans,PATIENT,VARCHAR
careplans,ENCOUNTER,VARCHAR
careplans,CODE,VARCHAR
careplans,DESCRIPTION,VARCHAR
careplans,REASONCODE,VARCHAR
careplans,REASONDESCRIPTION,VARCHAR
claims,Id,VARCHAR
claims,PATIENTID,VARCHAR
claims,PROVIDERID,VARCHAR
claims,PRIMARYPATIENTINSURANCEID,VARCHAR
claims,SECONDARYPATIENTINSURANCEID,VARCHAR
claims,DEPARTMENTID,VARCHAR
claims,PATIENTDEPARTMENTID,VARCHAR
claims,DIAGNOSIS1,VARCHAR
claims,DIAGNOSIS2,VARCHAR
claims,DIAGNOSIS3,VARCHAR
claims,DIAGNOSIS4,VARCHAR
claims,DIAGNOSIS5,VARCHAR
claims,DIAGNOSIS6,VARCHAR
claims,DIAGNOSIS7,VARCHAR
claims,DIAGNOSIS8,VARCHAR
claims,REFERRINGPROVIDERID,VARCHAR
claims,APPOINTMENTID,VARCHAR
claims,CURRENTILLNESSDATE,VARCHAR
claims,SERVICEDATE,VARCHAR
claims,SUPERVISINGPROVIDERID,VARCHAR
claims,STATUS1,VARCHAR
claims,STATUS2,VARCHAR
claims,STATUSP,VARCHAR
claims,OUTSTANDING1,VARCHAR
claims,OUTSTANDING2,VARCHAR
claims,OUTSTANDINGP,VARCHAR
claims,LASTBILLEDDATE1,VARCHAR
claims,LASTBILLEDDATE2,VARCHAR
claims,LASTBILLEDDATEP,VARCHAR
claims,HEALTHCARECLAIMTYPEID1,VARCHAR
claims,HEALTHCARECLAIMTYPEID2,VARCHAR
claims_transactions,ID,VARCHAR
claims_transactions,CLAIMID,VARCHAR
claims_transactions,CHARGEID,VARCHAR
claims_transactions,PATIENTID,VARCHAR
claims_transactions,TYPE,VARCHAR
claims_transactions,AMOUNT,VARCHAR
claims_transactions,METHOD,VARCHAR
claims_transactions,FROMDATE,VARCHAR
claims_transactions,TODATE,VARCHAR
claims_transactions,PLACEOFSERVICE,VARCHAR
claims_transactions,PROCEDURECODE,VARCHAR
claims_transactions,MODIFIER1,VARCHAR
claims_transactions,MODIFIER2,VARCHAR
claims_transactions,DIAGNOSISREF1,VARCHAR
claims_transactions,DIAGNOSISREF2,VARCHAR
claims_transactions,DIAGNOSISREF3,VARCHAR
claims_transactions,DIAGNOSISREF4,VARCHAR
claims_transactions,UNITS,VARCHAR
claims_transactions,DEPARTMENTID,VARCHAR
claims_transactions,NOTES,VARCHAR
claims_transactions,UNITAMOUNT,VARCHAR
claims_transactions,TRANSFEROUTID,VARCHAR
claims_transactions,TRANSFERTYPE,VARCHAR
claims_transactions,PAYMENTS,VARCHAR
claims_transactions,ADJUSTMENTS,VARCHAR
claims_transactions,TRANSFERS,VARCHAR
claims_transactions,OUTSTANDING,VARCHAR
claims_transactions,APPOINTMENTID,VARCHAR
claims_transactions,LINENOTE,VARCHAR
claims_transactions,PATIENTINSURANCEID,VARCHAR
claims_transactions,FEESCHEDULEID,VARCHAR
claims_transactions,PROVIDERID,VARCHAR
claims_transactions,SUPERVISINGPROVIDERID,VARCHAR
conditions,START,VARCHAR
conditions,STOP,VARCHAR
conditions,PATIENT,VARCHAR
conditions,ENCOUNTER,VARCHAR
conditions,CODE,VARCHAR
conditions,DESCRIPTION,VARCHAR
devices,START,VARCHAR
devices,STOP,VARCHAR
devices,PATIENT,VARCHAR
devices,ENCOUNTER,VARCHAR
devices,CODE,VARCHAR
devices,DESCRIPTION,VARCHAR
devices,UDI,VARCHAR
encounters,Id,VARCHAR
encounters,START,VARCHAR
encounters,STOP,VARCHAR
encounters,PATIENT,VARCHAR
encounters,ORGANIZATION,VARCHAR
encounters,PROVIDER,VARCHAR
encounters,PAYER,VARCHAR
encounters,ENCOUNTERCLASS,VARCHAR
encounters,CODE,VARCHAR
encounters,DESCRIPTION,VARCHAR
encounters,BASE_ENCOUNTER_COST,VARCHAR
encounters,TOTAL_CLAIM_COST,VARCHAR
encounters,PAYER_COVERAGE,VARCHAR
encounters,REASONCODE,VARCHAR
encounters,REASONDESCRIPTION,VARCHAR
imaging_studies,Id,VARCHAR
imaging_studies,DATE,VARCHAR
imaging_studies,PATIENT,VARCHAR
imaging_studies,ENCOUNTER,VARCHAR
imaging_studies,SERIES_UID,VARCHAR
imaging_studies,BODYSITE_CODE,VARCHAR
imaging_studies,BODYSITE_DESCRIPTION,VARCHAR
imaging_studies,MODALITY_CODE,VARCHAR
imaging_studies,MODALITY_DESCRIPTION,VARCHAR
imaging_studies,INSTANCE_UID,VARCHAR
imaging_studies,SOP_CODE,VARCHAR
imaging_studies,SOP_DESCRIPTION,VARCHAR
imaging_studies,PROCEDURE_CODE,VARCHAR
immunizations,DATE,VARCHAR
immunizations,PATIENT,VARCHAR
immunizations,ENCOUNTER,VARCHAR
immunizations,CODE,VARCHAR
immunizations,DESCRIPTION,VARCHAR
immunizations,BASE_COST,VARCHAR
medications,START,VARCHAR
medications,STOP,VARCHAR
medications,PATIENT,VARCHAR
medications,PAYER,VARCHAR
medications,ENCOUNTER,VARCHAR
medications,CODE,VARCHAR
medications,DESCRIPTION,VARCHAR
medications,BASE_COST,VARCHAR
medications,PAYER_COVERAGE,VARCHAR
medications,DISPENSES,VARCHAR
medications,TOTALCOST,VARCHAR
medications,REASONCODE,VARCHAR
medications,REASONDESCRIPTION,VARCHAR
observations,DATE,VARCHAR
observations,PATIENT,VARCHAR
observations,ENCOUNTER,VARCHAR
observations,CATEGORY,VARCHAR
observations,CODE,VARCHAR
observations,DESCRIPTION,VARCHAR
observations,VALUE,VARCHAR
observations,UNITS,VARCHAR
observations,TYPE,VARCHAR
organizations,Id,VARCHAR
organizations,NAME,VARCHAR
organizations,ADDRESS,VARCHAR
organizations,CITY,VARCHAR
organizations,STATE,VARCHAR
organizations,ZIP,VARCHAR
organizations,LAT,VARCHAR
organizations,LON,VARCHAR
organizations,PHONE,VARCHAR
organizations,REVENUE,VARCHAR
organizations,UTILIZATION,VARCHAR
patients,Id,VARCHAR
patients,BIRTHDATE,VARCHAR
patients,DEATHDATE,VARCHAR
patients,SSN,VARCHAR
patients,DRIVERS,VARCHAR
patients,PASSPORT,VARCHAR
patients,PREFIX,VARCHAR
patients,FIRST,VARCHAR
patients,LAST,VARCHAR
patients,SUFFIX,VARCHAR
patients,MAIDEN,VARCHAR
patients,MARITAL,VARCHAR
patients,RACE,VARCHAR
patients,ETHNICITY,VARCHAR
patients,GENDER,VARCHAR
patients,BIRTHPLACE,VARCHAR
patients,ADDRESS,VARCHAR
patients,CITY,VARCHAR
patients,STATE,VARCHAR
patients,COUNTY,VARCHAR
patients,ZIP,VARCHAR
patients,LAT,VARCHAR
patients,LON,VARCHAR
patients,HEALTHCARE_EXPENSES,VARCHAR
patients,HEALTHCARE_COVERAGE,VARCHAR
payer_transitions,PATIENT,VARCHAR
payer_transitions,MEMBERID,VARCHAR
payer_transitions,START_YEAR,VARCHAR
payer_transitions,END_YEAR,VARCHAR
payer_transitions,PAYER,VARCHAR
payer_transitions,SECONDARY_PAYER,VARCHAR
payer_transitions,OWNERSHIP,VARCHAR
payer_transitions,OWNERNAME,VARCHAR
payers,Id,VARCHAR
payers,NAME,VARCHAR
payers,ADDRESS,VARCHAR
payers,CITY,VARCHAR
payers,STATE_HEADQUARTERED,VARCHAR
payers,ZIP,VARCHAR
payers,PHONE,VARCHAR
payers,AMOUNT_COVERED,VARCHAR
payers,AMOUNT_UNCOVERED,VARCHAR
payers,REVENUE,VARCHAR
payers,COVERED_ENCOUNTERS,VARCHAR
payers,UNCOVERED_ENCOUNTERS,VARCHAR
payers,COVERED_MEDICATIONS,VARCHAR
payers,UNCOVERED_MEDICATIONS,VARCHAR
payers,COVERED_PROCEDURES,VARCHAR
payers,UNCOVERED_PROCEDURES,VARCHAR
payers,COVERED_IMMUNIZATIONS,VARCHAR
payers,UNCOVERED_IMMUNIZATIONS,VARCHAR
payers,UNIQUE_CUSTOMERS,VARCHAR
payers,QOLS_AVG,VARCHAR
payers,MEMBER_MONTHS,VARCHAR
procedures,START,VARCHAR
procedures,STOP,VARCHAR
procedures,PATIENT,VARCHAR
procedures,ENCOUNTER,VARCHAR
procedures,CODE,VARCHAR
procedures,DESCRIPTION,VARCHAR
procedures,BASE_COST,VARCHAR
procedures,REASONCODE,VARCHAR
procedures,REASONDESCRIPTION,VARCHAR
providers,Id,VARCHAR
providers,ORGANIZATION,VARCHAR
providers,NAME,VARCHAR
providers,GENDER,VARCHAR
providers,SPECIALITY,VARCHAR
providers,ADDRESS,VARCHAR
providers,CITY,VARCHAR
providers,STATE,VARCHAR
providers,ZIP,VARCHAR
providers,LAT,VARCHAR
providers,LON,VARCHAR
providers,UTILIZATION,VARCHAR
supplies,DATE,VARCHAR
supplies,PATIENT,VARCHAR
supplies,ENCOUNTER,VARCHAR
supplies,CODE,VARCHAR
supplies,DESCRIPTION,VARCHAR
supplies,QUANTITY,VARCHAR
